1,Sequential Circuits
2,Mr Noah
3,Davy Jones' Locker
4,Crosswords
5,Butcher Baker Candlestick Maker
6,Boys Latin
7,Come to Your Senses
8,Tropic of Cancer
9,Shadow of the Colossus
10,Lonely Wanderer
11,Principe Real
12,Selfish Gene
13,Acid Wash
14,Nobody's Empire
15,Allie
16,The Party Line
17,The Power of Three 
18,The Cat with the Cream
19,Enter Sylvia Plath
20,The Everlasting Muse
21,Perfect Couples 
22,Ever Had a Little Faith?
23,Play for Today 
24,The Book of You 
25,Today (This Army's for Peace)
26,Stonemilker
27,Lionsong
28,History of Touches
29,Black Lake
30,Family
31,Notget
32,Atom Dance 
33,Mouth Mantra
34,Quicksand
35,Save the Children
36,Greenbax (Introlude)
37,Paper Trail$
38,Piece of Mind
39,Big Dusty
40,Hazeus View
41,Like Me 
42,Belly of the Beast 
43,No. 99
44,Christ Conscious
45,On & On 
46,Escape 120 
47,Black Beetles
48,O.C.B.
49,Curry Chicken
50,Summer
51,Mural
52,Blur My Hands 
53,Dots & Lines
54,Fall
55,Prisoner 1 & 2 
56,Body of Work 
57,Little Death 
58,No Scratches 
59,Winter
60,Chopper 
61,Deliver
62,Madonna (And Other Mothers in the Hood)
63,Adoration of the Magi 
64,They.Resurrect.Over.New 
65,Spring
66,Wesley's Theory 
67,For Free? (Interlude)
68,King Kunta
69,Institutionalized 
70,These Walls 
71,u
72,Alright
73,For Sale? (Interlude)
74,Momma
75,Hood Politics
76,How Much a Dollar Cost 
77,Complexion (A Zulu Love)
78,The Blacker the Berry
79,You Ain't Gotta Lie (Momma Said)
80,i
81,Mortal Man
82,Strangers to Ourselves
83,Lampshades on Fire
84,Shit in Your Cut
85,Pistol (A. Cunanan; Miami; FL. 1996)
86,Ansel
87,The Ground Walks; with Time in a Box
88,Coyotes
89,Pups to Dust
90,Sugar Boats
91,Wicked Campaign
92,Be Brave
93,God Is an Indian and You're an Asshole
94,The Tortoise and the Tourist
95,The Best Room
96,Of Course We Know
97,Huey
98,Mantra
99,Faucet
100,Grief
101,Off Top
102,Grown Ups 
103,AM // Radio 
104,Inside
105,DNA 
106,Wool 
107,Elevator Operator 
108,Pedestrian at Best 
109,An Illustration of Loneliness (Sleepless in New York
110,Small Poppies 
111,Depreston 
112,Aqua Profunda! 
113,Dead Fox 
114,Nobody Really Cares If You Don't Go to the Party 
115,Debbie Downer 
116,Kim's Caravan 
117,Boxing Day Blues 
118,Stair Androids & Valley Um... 
119,The Business of Emotion 
120,Dangerous 
121,Clean 
122,The Glow 
123,Snowed In 
124,Big Dater
125,Automatic 
126,Get Some Freedom 
127,Sick For Me 
128,Perfect Holiday 
129,No Room in Frame
130,Black Sun
131,The Ghosts of Beverly Drive
132,Little Wanderer
133,You've Haunted Me All My Life
134,Hold No Guns
135,Everything's a Ceiling
136,Good Help (Is So Hard to Find
137,El Dorado
138,Ingénue
139,Binary Sea
140,Death with Dignity 
141,Should Have Known Better 
142,All of Me Wants All of You 
143,Drawn to the Blood 
144,Eugene 
145,Fourth of July 
146,The Only Thing 
147,Carrie & Lowell 
148,John My Beloved 
149,No Shade in the Shadow of the Cross 
150,Blue Bucket of Gold 
151,The Intro About Nothing
152,The Helium Balloon
153,The White Shoes
154,The Pessimist 
155,The Middle Finger
156,The One Time In Houston
157,The Girls On Drugs
158,The God Smile
159,The Need To Know 
160,The Success
161,The Glass Egg
162,The Bloom (AG3
163,The Matrimony 
164,Tompkins Square Park
165,Believe
166,The Wolf
167,Wilder Mind
168,Just Smoke
169,Monster
170,Snake Eyes
171,Broad-Shouldered Beasts
172,Cold Arms
173,Ditmas
174,Only Love
175,Hot Gates
176,Ship to Wreck
177,What Kind of Man
178,How Big; How Blue; How Beautiful
179,Queen of Peace
180,Various Storms & Saints
181,Delilah
182,Long & Lost
183,Caught
184,Third Eye
185,St Jude
186,Mother
187,Crystals
188,Human
189,Hunger
190,Wolves Without Teeth
191,Empire
192,Slow Life
193,Organs
194,Black Water
195,Thousand Eyes
196,I of the Storm
197,We Sink
